name,file
a carved stone tile,monsters/a_carved_stone_tile.xml
A Shielded Astral Glyph,monsters/a_shielded_astral_glyph.xml
Abyssador,monsters/abyssador.xml
Abyssal Calamary,monsters/abyssal_calamary.xml
Achad,monsters/achad.xml
Acid Blob,monsters/acid_blob.xml
Acolyte Of The Cult,monsters/acolyte_of_the_cult.xml
Adept Of The Cult,monsters/adept_of_the_cult.xml
Adult Goanna,monsters/adult_goanna.xml
Adventurer,monsters/adventurer.xml
Aggressive Lava,monsters/aggressive_lava.xml
Amarie,monsters/amarie.xml
Amazon,monsters/amazon.xml
An Astral Glyph,monsters/an_astral_glyph.xml
An Observer Eye,monsters/an_observer_eye.xml
Ancient Scarab,monsters/ancient_scarab.xml
Ancient Spawn Of Morgathla,monsters/ancient_spawn_of_morgathla.xml
Angry Adventurer,monsters/angry_adventurer.xml
Angry Plant,monsters/angry_plant.xml
Animated Clomp,monsters/animated_clomp.xml
Animated Cyclops,monsters/animated_cyclops.xml
Animated Feather,monsters/animated_feather.xml
Animated Guzzlemaw,monsters/animated_guzzlemaw.xml
Animated Moohtant,monsters/animated_moohtant.xml
Animated Mummy,monsters/animated_mummy.xml
Animated Ogre Brute,monsters/animated_ogre_brute.xml
Animated Ogre Savage,monsters/animated_ogre_savage.xml
Animated Ogre Shaman,monsters/animated_ogre_shaman.xml
Animated Rotworm,monsters/animated_rotworm.xml
Animated Skunk,monsters/animated_skunk.xml
Animated Snowman,monsters/animated_snowman.xml
Animated Sword,monsters/animated_sword.xml
Annihilon,monsters/annihilon.xml
Apocalypse,monsters/apocalypse.xml
Apprentice Sheng,monsters/apprentice_sheng.xml
Arachir The Ancient One,monsters/arachir_the_ancient_one.xml
Arctic Faun,monsters/arctic_faun.xml
Armadile,monsters/armadile.xml
Armenius,monsters/armenius.xml
Arthom The Hunter,monsters/arthom_the_hunter.xml
Ascending Ferumbras,monsters/ascending_ferumbras.xml
Ashmunrah,monsters/ashmunrah.xml
Askarak Demon,monsters/askarak_demon.xml
Askarak Lord,monsters/askarak_lord.xml
Askarak Prince,monsters/askarak_prince.xml
Assassin,monsters/assassin.xml
Avalanche,monsters/avalanche.xml
Axeitus Headbanger,monsters/axeitus_headbanger.xml
Azerus,monsters/azerus.xml
Azure Frog,monsters/azure_frog.xml
Baby Dragon,monsters/baby_dragon.xml
Bad Dream,monsters/bad_dream.xml
Badger,monsters/badger.xml
Bandit,monsters/bandit.xml
Bane Bringer,monsters/bane_bringer.xml
Banshee,monsters/banshee.xml
Barbaria,monsters/barbaria.xml
Barbarian Bloodwalker,monsters/barbarian_bloodwalker.xml
Barbarian Brutetamer,monsters/barbarian_brutetamer.xml
Barbarian Headsplitter,monsters/barbarian_headsplitter.xml
Barbarian Skullhunter,monsters/barbarian_skullhunter.xml
Barkless Fanatic,monsters/barkless_fanatic.xml
Baron Brute,monsters/baron_brute.xml
Bat,monsters/bat.xml
Battlemaster Zunzu,monsters/battlemaster_zunzu.xml
Bazir,monsters/bazir.xml
Bear,monsters/bear.xml
Behemoth,monsters/behemoth.xml
Berserker Chicken,monsters/berserker_chicken.xml
Betrayed Wraith,monsters/betrayed_wraith.xml
Big Boss Trolliver,monsters/big_boss_trolliver.xml
Biting Book,monsters/biting_book.xml
Biting Cold,monsters/biting_cold.xml
Black Cobra,monsters/black_cobra.xml
Black Knight,monsters/black_knight.xml
Black Sheep,monsters/black_sheep.xml
Black Sphinx Acolyte,monsters/black_sphinx_acolyte.xml
Black Vixen,monsters/black_vixen.xml
Blazing Fire Elemental,monsters/blazing_fire_elemental.xml
Blightwalker,monsters/blightwalker.xml
Blistering Fire Elemental,monsters/blistering_fire_elemental.xml
Blood Beast,monsters/blood_beast.xml
Blood Crab,monsters/blood_crab.xml
Blood Hand,monsters/blood_hand.xml
Blood Priest,monsters/blood_priest.xml
Blood Tear,monsters/blood_tear.xml
Bloodback,monsters/bloodback.xml
Bloodpaw,monsters/bloodpaw.xml
Blue Butterfly,monsters/blue_butterfly.xml
Blue Djinn,monsters/blue_djinn.xml
Boar,monsters/boar.xml
Bog Frog,monsters/bog_frog.xml
Bog Raider,monsters/bog_raider.xml
Bone Capsule,monsters/bone_capsule.xml
Bone Jaw,monsters/bone_jaw.xml
Bonebeast,monsters/bonebeast.xml
Bonelord,monsters/bonelord.xml
Bones,monsters/bones.xml
Boogey,monsters/boogey.xml
Boogy,monsters/boogy.xml
Bound Astral Power,monsters/bound_astral_power.xml
Bovinus,monsters/bovinus.xml
Bragrumol,monsters/bragrumol.xml
Brain Squid,monsters/brain_squid.xml
Braindeath,monsters/braindeath.xml
Brimstone Bug,monsters/brimstone_bug.xml
Broken Shaper,monsters/broken_shaper.xml
Brokul,monsters/brokul.xml
Brother Chill,monsters/brother_chill.xml
Brother Freeze,monsters/brother_freeze.xml
Brown Horse,monsters/brown_horse.xml
Brutus Bloodbeard,monsters/brutus_bloodbeard.xml
Bug,monsters/bug.xml
Bullwark,monsters/bullwark.xml
Burning Book,monsters/burning_book.xml
Burning Gladiator,monsters/burning_gladiator.xml
Burrowing Beetle,monsters/burrowing_beetle.xml
Calamary,monsters/calamary.xml
Captain Jones,monsters/captain_jones.xml
Captured Dwarf,monsters/captured_dwarf.xml
Carniphila,monsters/carniphila.xml
Carrion Worm,monsters/carrion_worm.xml
Cart Packed With Gold,monsters/cart_packed_with_gold.xml
Cat,monsters/cat.xml
Cave Devourer,monsters/cave_devourer.xml
Cave Parrot,monsters/cave_parrot.xml
Cave Rat,monsters/cave_rat.xml
Cave Spider,monsters/cave_spider.xml
Centipede,monsters/centipede.xml
Chakoya Toolshaper,monsters/chakoya_toolshaper.xml
Chakoya Tribewarden,monsters/chakoya_tribewarden.xml
Chakoya Windcaller,monsters/chakoya_windcaller.xml
Channeling Earl Osam,monsters/channeling_earl_osam.xml
Charged Energy Elemental,monsters/charged_energy_elemental.xml
Chasm Spawn,monsters/chasm_spawn.xml
Chicken,monsters/chicken.xml
Chizzoron The Distorter,monsters/chizzoron_the_distorter.xml
Choking Fear,monsters/choking_fear.xml
Clay Guardian,monsters/clay_guardian.xml
Cliff Strider,monsters/cliff_strider.xml
Clomp,monsters/clomp.xml
Cobra Assassin,monsters/cobra_assassin.xml
Cobra Scout,monsters/cobra_scout.xml
Cobra Vizier,monsters/cobra_vizier.xml
Cobra,monsters/cobra.xml
Cockroach,monsters/cockroach.xml
Coldheart,monsters/coldheart.xml
Colerian The Barbarian,monsters/colerian_the_barbarian.xml
Concentrated Death,monsters/concentrated_death.xml
Condensed Sin,monsters/condensed_sin.xml
Containment Crystal,monsters/containment_crystal.xml
Containment Machine,monsters/containment_machine.xml
Control Tower,monsters/control_tower.xml
Coral Frog,monsters/coral_frog.xml
Corrupted Soul,monsters/corrupted_soul.xml
Corym Charlatan,monsters/corym_charlatan.xml
Corym Skirmisher,monsters/corym_skirmisher.xml
Corym Vanguard,monsters/corym_vanguard.xml
Cosmic Energy Prism A,monsters/cosmic_energy_prism_a.xml
Cosmic Energy Prism B,monsters/cosmic_energy_prism_b.xml
Cosmic Energy Prism C,monsters/cosmic_energy_prism_c.xml
Cosmic Energy Prism D,monsters/cosmic_energy_prism_d.xml
Count Vlarkorth,monsters/count_vlarkorth.xml
Countess Sorrow,monsters/countess_sorrow.xml
Crab,monsters/crab.xml
Crawler,monsters/crawler.xml
Crazed Beggar,monsters/crazed_beggar.xml
Crimson Frog,monsters/crimson_frog.xml
Crocodile,monsters/crocodile.xml
Crustacea Gigantica,monsters/crustacea_gigantica.xml
Crypt Defiler,monsters/crypt_defiler.xml
Crypt Shambler,monsters/crypt_shambler.xml
Crypt Warden,monsters/crypt_warden.xml
Crystal Spider,monsters/crystal_spider.xml
Crystal Wolf,monsters/crystal_wolf.xml
Crystalcrusher,monsters/crystalcrusher.xml
Cult Believer,monsters/cult_believer.xml
Cult Enforcer,monsters/cult_enforcer.xml
Cult Scholar,monsters/cult_scholar.xml
Cursed Book,monsters/cursed_book.xml
Cursed Gladiator,monsters/cursed_gladiator.xml
Custodian,monsters/custodian.xml
Cyclops Drone,monsters/cyclops_drone.xml
Cyclops Smith,monsters/cyclops_smith.xml
Cyclops,monsters/cyclops.xml
Damaged Crystal Golem,monsters/damaged_crystal_golem.xml
Damaged Worker Golem,monsters/damaged_worker_golem.xml
Damned Soul,monsters/damned_soul.xml
Darakan The Executioner,monsters/darakan_the_executioner.xml
Dark Apprentice,monsters/dark_apprentice.xml
Dark Druid,monsters/dark_druid.xml
Dark Faun,monsters/dark_faun.xml
Dark Knight,monsters/dark_knight.xml
Dark Knowledge,monsters/dark_knowledge.xml
Dark Magician,monsters/dark_magician.xml
Dark Monk,monsters/dark_monk.xml
Dark Paladin,monsters/dark_paladin.xml
Dark Sorcerer,monsters/dark_sorcerer.xml
Dark Soul,monsters/dark_soul.xml
Dark Torturer,monsters/dark_torturer.xml
Darkfang,monsters/darkfang.xml
Dawnfire Asura,monsters/dawnfire_asura.xml
Dazed Leaf Golem,monsters/dazed_leaf_golem.xml
Deadeye Devious,monsters/deadeye_devious.xml
Death Blob,monsters/death_blob.xml
Death Dragon,monsters/death_dragon.xml
Death Priest Shargon,monsters/death_priest_shargon.xml
Death Priest,monsters/death_priest.xml
Death Reaper,monsters/death_reaper.xml
Deathbine,monsters/deathbine.xml
Deathbringer,monsters/deathbringer.xml
Deathling Spellsinger,monsters/deathling_spellsinger.xml
Deathslicer,monsters/deathslicer.xml
Deathspawn,monsters/deathspawn.xml
Deathstrike,monsters/deathstrike.xml
Deep Terror,monsters/deep_terror.xml
Deepling Brawler,monsters/deepling_brawler.xml
Deepling Elite,monsters/deepling_elite.xml
Deepling Guard,monsters/deepling_guard.xml
Deepling Master Librarian,monsters/deepling_master_librarian.xml
Deepling Scout,monsters/deepling_scout.xml
Deepling Spellsinger,monsters/deepling_spellsinger.xml
Deepling Tyrant,monsters/deepling_tyrant.xml
Deepling Warrior,monsters/deepling_warrior.xml
Deepling Worker,monsters/deepling_worker.xml
Deepsea Blood Crab,monsters/deepsea_blood_crab.xml
Deepworm,monsters/deepworm.xml
Deer,monsters/deer.xml
Defiler,monsters/defiler.xml
Demodras,monsters/demodras.xml
Demon (Goblin),monsters/demon_goblin.xml
Demon Blood,monsters/demon_blood.xml
Demon Outcast,monsters/demon_outcast.xml
Demon Parrot,monsters/demon_parrot.xml
Demon Skeleton,monsters/demon_skeleton.xml
Demon Slave,monsters/demon_slave.xml
Demon,monsters/demon.xml
Depowered Minotaur,monsters/depowered_minotaur.xml
Despair,monsters/despair.xml
Desperate Soul,monsters/desperate_soul.xml
Desperate White Deer,monsters/desperate_white_deer.xml
Destabilized Ferumbras,monsters/destabilized_ferumbras.xml
Destroyer,monsters/destroyer.xml
Devourer,monsters/devourer.xml
Dharalion,monsters/dharalion.xml
Diabolic Imp,monsters/diabolic_imp.xml
Diamond Servant Replica,monsters/diamond_servant_replica.xml
Diamond Servant,monsters/diamond_servant.xml
Diblis The Fair,monsters/diblis_the_fair.xml
Dipthrah,monsters/dipthrah.xml
Dire Penguin,monsters/dire_penguin.xml
Diremaw,monsters/diremaw.xml
Dirtbeard,monsters/dirtbeard.xml
Diseased Bill,monsters/diseased_bill.xml
Diseased Dan,monsters/diseased_dan.xml
Diseased Fred,monsters/diseased_fred.xml
Disgusting Ooze,monsters/disgusting_ooze.xml
Doctor Perhaps,monsters/doctor_perhaps.xml
Dog,monsters/dog.xml
Donkey,monsters/donkey.xml
Doom Deer,monsters/doom_deer.xml
Doomhowl,monsters/doomhowl.xml
Dracola,monsters/dracola.xml
Dragon Essence,monsters/dragon_essence.xml
Dragon Hatchling,monsters/dragon_hatchling.xml
Dragon Lord Hatchling,monsters/dragon_lord_hatchling.xml
Dragon Lord,monsters/dragon_lord.xml
Dragon Warden,monsters/dragon_warden.xml
Dragon Wrath,monsters/dragon_wrath.xml
Dragon,monsters/dragon.xml
Dragonking Zyrtarch,monsters/dragonking_zyrtarch.xml
Dragonling,monsters/dragonling.xml
Draken Abomination,monsters/draken_abomination.xml
Draken Elite,monsters/draken_elite.xml
Draken Spellweaver,monsters/draken_spellweaver.xml
Draken Warmaster,monsters/draken_warmaster.xml
Draptor,monsters/draptor.xml
Drasilla,monsters/drasilla.xml
Dread Minion,monsters/dread_minion.xml
Dreadbeast,monsters/dreadbeast.xml
Dreadwing,monsters/dreadwing.xml
Drillworm,monsters/drillworm.xml
Dromedary,monsters/dromedary.xml
Druid Familiar,monsters/druid_familiar.xml
Dryad,monsters/dryad.xml
Duke Krule,monsters/duke_krule.xml
Dwarf Dispenser,monsters/dwarf_dispenser.xml
Dwarf Geomancer,monsters/dwarf_geomancer.xml
Dwarf Guard,monsters/dwarf_guard.xml
Dwarf Henchman,monsters/dwarf_henchman.xml
Dwarf Miner,monsters/dwarf_miner.xml
Dwarf Soldier,monsters/dwarf_soldier.xml
Dwarf,monsters/dwarf.xml
Dworc Fleshhunter,monsters/dworc_fleshhunter.xml
Dworc Venomsniper,monsters/dworc_venomsniper.xml
Dworc Voodoomaster,monsters/dworc_voodoomaster.xml
Earl Osam,monsters/earl_osam.xml
Earth Elemental,monsters/earth_elemental.xml
Earth Overlord,monsters/earth_overlord.xml
Earworm,monsters/earworm.xml
Efreet,monsters/efreet.xml
Ekatrix,monsters/ekatrix.xml
Elder Bonelord,monsters/elder_bonelord.xml
Elder Forest Fury,monsters/elder_forest_fury.xml
Elder Mummy,monsters/elder_mummy.xml
Elder Wyrm,monsters/elder_wyrm.xml
Elephant,monsters/elephant.xml
Elf Arcanist,monsters/elf_arcanist.xml
Elf Overseer,monsters/elf_overseer.xml
Elf Scout,monsters/elf_scout.xml
Elf,monsters/elf.xml
Elvira Hammerthrust,monsters/elvira_hammerthrust.xml
Ember Beast,monsters/ember_beast.xml
Emerald Damselfly,monsters/emerald_damselfly.xml
Empowered Glooth Horror,monsters/empowered_glooth_horror.xml
Energetic Book,monsters/energetic_book.xml
Energized Raging Mage,monsters/energized_raging_mage.xml
Energuardian Of Tales,monsters/energuardian_of_tales.xml
Energy Elemental,monsters/energy_elemental.xml
Energy Overlord,monsters/energy_overlord.xml
Energy Pulse,monsters/energy_pulse.xml
Enfeebled Silencer,monsters/enfeebled_silencer.xml
Enlightened Of The Cult,monsters/enlightened_of_the_cult.xml
Enraged Crystal Golem,monsters/enraged_crystal_golem.xml
Enraged Sand Brood,monsters/enraged_sand_brood.xml
Enraged Squirrel,monsters/enraged_squirrel.xml
Enraged White Deer,monsters/enraged_white_deer.xml
Enslaved Dwarf,monsters/enslaved_dwarf.xml
Enthralled Demon,monsters/enthralled_demon.xml
Eruption Of Destruction,monsters/eruption_of_destruction.xml
Esmeralda,monsters/esmeralda.xml
Essence Of Darkness,monsters/essence_of_darkness.xml
Essence Of Malice,monsters/essence_of_malice.xml
Eternal Guardian,monsters/eternal_guardian.xml
Evil Mastermind,monsters/evil_mastermind.xml
Evil Sheep Lord,monsters/evil_sheep_lord.xml
Evil Sheep,monsters/evil_sheep.xml
Execowtioner,monsters/execowtioner.xml
Eye Of The Seven,monsters/eye_of_the_seven.xml
Fahim The Wise,monsters/fahim_the_wise.xml
Falcon Knight,monsters/falcon_knight.xml
Falcon Paladin,monsters/falcon_paladin.xml
Fallen Challenger,monsters/fallen_challenger.xml
Fallen Mooh'tah Master Ghar,monsters/fallen_mooh'tah_master_ghar.xml
Fatality,monsters/fatality.xml
Faun,monsters/faun.xml
Feeble Glooth Horror,monsters/feeble_glooth_horror.xml
Feral Sphinx,monsters/feral_sphinx.xml
Fernfang,monsters/fernfang.xml
Feroxa Gloom Wolf,monsters/feroxa_gloom_wolf.xml
Feroxa Killable Werewolf,monsters/feroxa_killable_werewolf.xml
Feroxa Werewolf,monsters/feroxa_werewolf.xml
Feroxa,monsters/feroxa.xml
Ferumbras Essence,monsters/ferumbras_essence.xml
Ferumbras Mortal Shell,monsters/ferumbras_mortal_shell.xml
Ferumbras Soul Splinter,monsters/ferumbras_soul_splinter.xml
Ferumbras,monsters/ferumbras.xml
Fetter,monsters/fetter.xml
Feverish Citizen,monsters/feverish_citizen.xml
Feversleep,monsters/feversleep.xml
Fiery Blood,monsters/fiery_blood.xml
Fiery Heart,monsters/fiery_heart_creature.xml
Filth Toad,monsters/filth_toad.xml
Fire Devil,monsters/fire_devil.xml
Fire Elemental,monsters/fire_elemental.xml
Fire Overlord,monsters/fire_overlord.xml
Firestarter,monsters/firestarter.xml
Fish,monsters/fish.xml
Flamethrower,monsters/flamethrower.xml
Flamingo,monsters/flamingo.xml
Fleshslicer,monsters/fleshslicer.xml
Floating Savant,monsters/floating_savant.xml
Floor Blob,monsters/floor_blob.xml
Fluffy,monsters/fluffy.xml
Flying Book,monsters/flying_book.xml
Force Field,monsters/force_field.xml
Foreman Kneebiter,monsters/foreman_kneebiter.xml
Forest Fury,monsters/forest_fury.xml
Fox,monsters/fox.xml
Frazzlemaw,monsters/frazzlemaw.xml
Freed Soul,monsters/freed_soul.xml
Freegoiz,monsters/freegoiz.xml
Frost Dragon Hatchling,monsters/frost_dragon_hatchling.xml
Frost Dragon,monsters/frost_dragon.xml
Frost Flower Asura,monsters/frost_flower_asura.xml
Frost Giant,monsters/frost_giant.xml
Frost Giantess,monsters/frost_giantess.xml
Frost Troll,monsters/frost_troll.xml
Frostfur,monsters/frostfur.xml
Frozen Minion,monsters/frozen_minion.xml
Furious Orc Berserker,monsters/furious_orc_berserker.xml
Furious Scorpion,monsters/furious_scorpion.xml
Furious Troll,monsters/furious_troll.xml
Fury Of The Emperor,monsters/fury_of_the_emperor.xml
Fury,monsters/fury.xml
Gaffir,monsters/gaffir.xml
Gang Member,monsters/gang_member.xml
Gargoyle,monsters/gargoyle.xml
Gaz'haragoth,monsters/gaz'haragoth.xml
Gazer,monsters/gazer.xml
Gelidrazah The Frozen,monsters/gelidrazah_the_frozen.xml
General Murius,monsters/general_murius.xml
Ghastly Dragon,monsters/ghastly_dragon.xml
Ghazbaran,monsters/ghazbaran.xml
Ghost Of A Planegazer,monsters/ghost_of_a_planegazer.xml
Ghost Wolf,monsters/ghost_wolf.xml
Ghost,monsters/ghost.xml
Ghoul,monsters/ghoul.xml
Ghoulish Hyaena,monsters/ghoulish_hyaena.xml
Ghulosh' Deathgaze,monsters/ghulosh_deathgaze.xml
Ghulosh,monsters/ghulosh.xml
Giant Spider Wyda,monsters/giant_spider_wyda.xml
Giant Spider,monsters/giant_spider.xml
Gladiator,monsters/gladiator.xml
Glitterscale,monsters/glitterscale.xml
Gloom Wolf,monsters/gloom_wolf.xml
Glooth Anemone,monsters/glooth_anemone.xml
Glooth Bandit,monsters/glooth_bandit.xml
Glooth Battery,monsters/glooth_battery.xml
Glooth Blob,monsters/glooth_blob.xml
Glooth Bomb,monsters/glooth_bomb.xml
Glooth Brigand,monsters/glooth_brigand.xml
Glooth Fairy,monsters/glooth_fairy.xml
Glooth Golem,monsters/glooth_golem.xml
Glooth Horror,monsters/glooth_horror.xml
Glooth Masher,monsters/glooth_masher.xml
Glooth Powered Minotaur,monsters/glooth_powered_minotaur.xml
Glooth Slasher,monsters/glooth_slasher.xml
Glooth Trasher,monsters/glooth_trasher.xml
Glooth-Generator,monsters/glooth-generator.xml
Gnarlhound,monsters/gnarlhound.xml
Gnome Pack Crawler,monsters/gnome_pack_crawler.xml
Gnomevil,monsters/gnomevil.xml
Gnorre Chyllson,monsters/gnorre_chyllson.xml
Goblin Assassin,monsters/goblin_assassin.xml
Goblin Leader,monsters/goblin_leader.xml
Goblin Scavenger,monsters/goblin_scavenger.xml
Goblin,monsters/goblin.xml
Golden Servant Replica,monsters/golden_servant_replica.xml
Golden Servant,monsters/golden_servant.xml
Goldhanded Cultist Bride,monsters/goldhanded_cultist_bride.xml
Goldhanded Cultist,monsters/goldhanded_cultist.xml
Golgordan,monsters/golgordan.xml
Gorzindel,monsters/gorzindel.xml
Gozzler,monsters/gozzler.xml
Grand Canon Dominus,monsters/grand_canon_dominus.xml
Grand Chaplain Gaunder,monsters/grand_chaplain_gaunder.xml
Grand Commander Soeren,monsters/grand_commander_soeren.xml
Grand Master Oberon,monsters/grand_master_oberon.xml
Grand Mother Foulscale,monsters/grand_mother_foulscale.xml
Grandfather Tridian,monsters/grandfather_tridian.xml
Grave Guard,monsters/grave_guard.xml
Grave Robber,monsters/grave_robber.xml
Gravedigger,monsters/gravedigger.xml
Gravelord Oshuran,monsters/gravelord_oshuran.xml
Gray Horse,monsters/gray_horse.xml
Greater Canopic Jar,monsters/greater_canopic_jar.xml
Greater Death Minion,monsters/greater_death_minion.xml
Green Djinn,monsters/green_djinn.xml
Green Frog,monsters/green_frog.xml
Grim Reaper,monsters/grim_reaper.xml
Grimeleech,monsters/grimeleech.xml
Grimgor Guteater,monsters/grimgor_guteater.xml
Groam,monsters/groam.xml
Grodrik,monsters/grodrik.xml
Grorlam,monsters/grorlam.xml
Grynch Clan Goblin,monsters/grynch_clan_goblin.xml
Gryphon,monsters/gryphon.xml
Guard Captain Quaid,monsters/guard_captain_quaid.xml
Guardian Of Tales,monsters/guardian_of_tales.xml
Guilt,monsters/guilt.xml
Guzzlemaw,monsters/guzzlemaw.xml
Hacker,monsters/hacker.xml
Hairman The Huge,monsters/hairman_the_huge.xml
Hand Of Cursed Fate,monsters/hand_of_cursed_fate.xml
Haunted Dragon,monsters/haunted_dragon.xml
Haunted Treeling,monsters/haunted_treeling.xml
Haunter,monsters/haunter.xml
Hell Hole,monsters/hell_hole.xml
Hellfire Fighter,monsters/hellfire_fighter.xml
Hellflayer,monsters/hellflayer.xml
Hellgorak,monsters/hellgorak.xml
Hellhound,monsters/hellhound.xml
Hellspawn,monsters/hellspawn.xml
Heoni,monsters/heoni.xml
Herald Of Gloom,monsters/herald_of_gloom.xml
Hero,monsters/hero.xml
Hide,monsters/hide.xml
Hideous Fungus,monsters/hideous_fungus.xml
High Templar Cobrass,monsters/high_templar_cobrass.xml
High Voltage Elemental,monsters/high_voltage_elemental.xml
Hive Overseer,monsters/hive_overseer.xml
Hive Pore,monsters/hive_pore.xml
Honour Guard,monsters/honour_guard.xml
Horadron,monsters/horadron.xml
Horestis,monsters/horestis.xml
Horse,monsters/taupe_horse.xml
Hot Dog,monsters/hot_dog.xml
Humongous Fungus,monsters/humongous_fungus.xml
Humorless Fungus,monsters/humorless_fungus.xml
Hunter,monsters/hunter.xml
Husky,monsters/husky.xml
Hyaena,monsters/hyaena.xml
Hydra,monsters/hydra.xml
Ice Dragon,monsters/ice_dragon.xml
Ice Golem,monsters/ice_golem.xml
Ice Overlord,monsters/ice_overlord.xml
Ice Witch,monsters/ice_witch.xml
Icecold Book,monsters/icecold_book.xml
Icicle,monsters/icicle.xml
Imp Intruder,monsters/imp_intruder.xml
Incineron,monsters/incineron.xml
Incredibly Old Witch,monsters/incredibly_old_witch.xml
Infected Weeper,monsters/infected_weeper.xml
Infernal Frog,monsters/infernal_frog.xml
Infernalist,monsters/infernalist.xml
Infernatil,monsters/infernatil.xml
Ink Blob,monsters/ink_blob.xml
Inky,monsters/inky.xml
Insect Swarm,monsters/insect_swarm.xml
Insectoid Scout,monsters/insectoid_scout.xml
Insectoid Worker,monsters/insectoid_worker.xml
Invading Demon,monsters/invading_demon.xml
Iron Servant Replica,monsters/iron_servant_replica.xml
Iron Servant,monsters/iron_servant.xml
Ironblight,monsters/ironblight.xml
Island Troll,monsters/island_troll.xml
Jagged Earth Elemental,monsters/jagged_earth_elemental.xml
Jailer,monsters/jailer.xml
Jaul,monsters/jaul.xml
Jellyfish,monsters/jellyfish.xml
Jesse The Wicked,monsters/jesse_the_wicked.xml
Juggernaut,monsters/juggernaut.xml
Kalyassa,monsters/kalyassa.xml
Killer Caiman,monsters/killer_caiman.xml
Killer Rabbit,monsters/killer_rabbit.xml
King Zelos,monsters/king_zelos.xml
Kitty,monsters/kitty.xml
Knight Familiar,monsters/knight_familiar.xml
Knowledge Elemental,monsters/knowledge_elemental.xml
Knowledge Raider,monsters/knowledge_raider.xml
Kollos,monsters/kollos.xml
Kongra,monsters/kongra.xml
Koshei The Deathless,monsters/koshei_the_deathless.xml
Kraknaknork's Demon,monsters/kraknaknork's_demon.xml
Kraknaknork,monsters/kraknaknork.xml
Kreebosh The Exile,monsters/kreebosh_the_exile.xml
Kroazur,monsters/kroazur.xml
Lady Tenebris,monsters/lady_tenebris.xml
Ladybug,monsters/ladybug.xml
Lamassu,monsters/lamassu.xml
Lancer Beetle,monsters/lancer_beetle.xml
Larva,monsters/larva.xml
Last Planegazer,monsters/last_planegazer.xml
Latrivan,monsters/latrivan.xml
Lava Golem,monsters/lava_golem.xml
Lava Lurker Attendant,monsters/lava_lurker_attendant.xml
Lava Lurker,monsters/lava_lurker.xml
Lavahole,monsters/lavahole.xml
Leaf Golem,monsters/leaf_golem.xml
Leiden,monsters/leiden.xml
Lesser Death Minion,monsters/lesser_death_minion.xml
Lesser Swarmer,monsters/lesser_swarmer.xml
Lethal Lissy,monsters/lethal_lissy.xml
Leviathan,monsters/leviathan.xml
Librarian,monsters/librarian.xml
Lich,monsters/lich.xml
Lion,monsters/lion.xml
Lisa,monsters/lisa.xml
Little Corym Charlatan,monsters/little_corym_charlatan.xml
Lizard Abomination,monsters/lizard_abomination.xml
Lizard Chosen,monsters/lizard_chosen.xml
Lizard Dragon Priest,monsters/lizard_dragon_priest.xml
Lizard Gate Guardian,monsters/lizard_gate_guardian.xml
Lizard High Guard,monsters/lizard_high_guard.xml
Lizard Legionnaire,monsters/lizard_legionnaire.xml
Lizard Magistratus,monsters/lizard_magistratus.xml
Lizard Noble,monsters/lizard_noble.xml
Lizard Sentinel,monsters/lizard_sentinel.xml
Lizard Snakecharmer,monsters/lizard_snakecharmer.xml
Lizard Templar,monsters/lizard_templar.xml
Lizard Zaogun,monsters/lizard_zaogun.xml
Lloyd,monsters/lloyd.xml
Lokathmor,monsters/lokathmor.xml
Lonely Deer,monsters/lonely_deer.xml
Lonely Frazzlemaw,monsters/lonely_frazzlemaw.xml
Lonely Polar Bear,monsters/lonely_polar_bear.xml
Lonely Rotworm,monsters/lonely_rotworm.xml
Lonely Scorpion,monsters/lonely_scorpion.xml
Lonely Snake,monsters/lonely_snake.xml
Lonely Souleater,monsters/lonely_souleater.xml
Lonely Yielothax,monsters/lonely_yielothax.xml
Lord Azaram,monsters/lord_azaram.xml
Lord Of The Elements,monsters/lord_of_the_elements.xml
Lost Basher,monsters/lost_basher.xml
Lost Berserker,monsters/lost_berserker.xml
Lost Exile,monsters/lost_exile.xml
Lost Gnome,monsters/lost_gnome.xml
Lost Husher,monsters/lost_husher.xml
Lost Soul,monsters/lost_soul.xml
Lost Thrower,monsters/lost_thrower.xml
Lost Time,monsters/lost_time.xml
Mad Mage,monsters/mad_mage.xml
Mad Scientist,monsters/mad_scientist.xml
Mad Sheep,monsters/mad_sheep.xml
Mad Technomancer,monsters/mad_technomancer.xml
Madareth,monsters/madareth.xml
Magic Pillar,monsters/magic_pillar.xml
Magicthrower,monsters/magicthrower.xml
Magma Crawler,monsters/magma_crawler.xml
Mahatheb,monsters/mahatheb.xml
Mahrdis,monsters/mahrdis.xml
Makeshift Home,monsters/makeshift_home.xml
Malicious Minion,monsters/malicious_minion.xml
Mammoth,monsters/mammoth.xml
Man In The Cave,monsters/man_in_the_cave.xml
Manta Ray,monsters/manta_ray.xml
Manticore,monsters/manticore.xml
Marid,monsters/marid.xml
Marsh Stalker,monsters/marsh_stalker.xml
Massacre,monsters/massacre.xml
Massive Earth Elemental,monsters/massive_earth_elemental.xml
Massive Energy Elemental,monsters/massive_energy_elemental.xml
Massive Fire Elemental,monsters/massive_fire_elemental.xml
Massive Water Elemental,monsters/massive_water_elemental.xml
Mawhawk,monsters/mawhawk.xml
Mazoran,monsters/mazoran.xml
Mazzinor,monsters/mazzinor.xml
Mean Minion,monsters/mean_minion.xml
Mechanical Fighter,monsters/mechanical_fighter.xml
Medusa,monsters/medusa.xml
Melting Frozen Horror,monsters/melting_frozen_horror.xml
Menace,monsters/menace.xml
Mephiles,monsters/mephiles.xml
Mercury Blob,monsters/mercury_blob.xml
Merikh The Slaughterer,monsters/merikh_the_slaughterer.xml
Merlkin,monsters/merlkin.xml
Metal Gargoyle,monsters/metal_gargoyle.xml
Mezlon The Defiler,monsters/mezlon_the_defiler.xml
Midnight Asura,monsters/midnight_asura.xml
Midnight Panther,monsters/midnight_panther.xml
Midnight Spawn,monsters/midnight_spawn.xml
Mimic,monsters/mimic.xml
Minion Of Gaz'haragoth,monsters/minion_of_gaz'haragoth.xml
Minion Of Versperoth,monsters/minion_of_versperoth.xml
Minishabaal,monsters/minishabaal.xml
Minotaur Amazon,monsters/minotaur_amazon.xml
Minotaur Archer,monsters/minotaur_archer.xml
Minotaur Cult Follower,monsters/minotaur_cult_follower.xml
Minotaur Cult Prophet,monsters/minotaur_cult_prophet.xml
Minotaur Cult Zealot,monsters/minotaur_cult_zealot.xml
Minotaur Guard,monsters/minotaur_guard.xml
Minotaur Hunter,monsters/minotaur_hunter.xml
Minotaur Idol,monsters/minotaur_idol.xml
Minotaur Invader,monsters/minotaur_invader.xml
Minotaur Mage,monsters/minotaur_mage.xml
Minotaur Totem,monsters/minotaur_totem.xml
Minotaur,monsters/minotaur.xml
Misguided Bully,monsters/misguided_bully.xml
Misguided Shadow,monsters/misguided_shadow.xml
Misguided Thief,monsters/misguided_thief.xml
Modified Gnarlhound,monsters/modified_gnarlhound.xml
Mole,monsters/mole.xml
Monk,monsters/monk.xml
Monstor,monsters/monstor.xml
Mooh'tah Master,monsters/mooh'tah_master.xml
Mooh'tah Warrior,monsters/mooh'tah_warrior.xml
Moohtant Wallbreaker,monsters/moohtant_wallbreaker.xml
Moohtant,monsters/moohtant.xml
Morgaroth,monsters/morgaroth.xml
Morguthis,monsters/morguthis.xml
Morik The Gladiator,monsters/morik_the_gladiator.xml
Mornenion,monsters/mornenion.xml
Mounted Thorn Knight,monsters/mounted_thorn_knight.xml
Mozradek,monsters/mozradek.xml
Mr. Punish,monsters/mr._punish.xml
Muddy Earth Elemental,monsters/muddy_earth_elemental.xml
Mummy,monsters/mummy.xml
Munster,monsters/munster.xml
Museum Stone Golem,monsters/museum_stone_golem.xml
Museum Stone Rhino,monsters/museum_stone_rhino.xml
Mushroom Sniffer,monsters/mushroom_sniffer.xml
Mutated Bat,monsters/mutated_bat.xml
Mutated Human,monsters/mutated_human.xml
Mutated Rat,monsters/mutated_rat.xml
Mutated Tiger,monsters/mutated_tiger.xml
Necromancer Servant,monsters/necromancer_servant.xml
Necromancer,monsters/necromancer.xml
Necropharus,monsters/necropharus.xml
Neutral Deepling Warrior,monsters/neutral_deepling_warrior.xml
Nightfiend,monsters/nightfiend.xml
Nightmare Of Gaz'haragoth,monsters/nightmare_of_gaz'haragoth.xml
Nightmare Scion,monsters/nightmare_scion.xml
Nightmare,monsters/nightmare.xml
Nightstalker,monsters/nightstalker.xml
Noble Lion,monsters/noble_lion.xml
Nomad (Blue),monsters/nomad_blue.xml
Nomad (Female),monsters/nomad_female.xml
Nomad,monsters/nomad.xml
Norgle Glacierbeard,monsters/norgle_glacierbeard.xml
Northern Pike,monsters/northern_pike.xml
Novice Of The Cult,monsters/novice_of_the_cult.xml
Nymph,monsters/nymph.xml
Obujos,monsters/obujos.xml
Ogre Brute,monsters/ogre_brute.xml
Ogre Rowdy,monsters/ogre_rowdy.xml
Ogre Ruffian,monsters/ogre_ruffian.xml
Ogre Sage,monsters/ogre_sage.xml
Ogre Savage,monsters/ogre_savage.xml
Ogre Shaman,monsters/ogre_shaman.xml
Omnivora,monsters/omnivora.xml
Omruc,monsters/omruc.xml
Oodok Witchmaster,monsters/oodok_witchmaster.xml
Orc Berserker,monsters/orc_berserker.xml
Orc Cult Fanatic,monsters/orc_cult_fanatic.xml
Orc Cult Minion,monsters/orc_cult_minion.xml
Orc Cult Priest,monsters/orc_cult_priest.xml
Orc Cultist,monsters/orc_cultist.xml
Orc Leader,monsters/orc_leader.xml
Orc Marauder,monsters/orc_marauder.xml
Orc Rider,monsters/orc_rider.xml
Orc Shaman,monsters/orc_shaman.xml
Orc Spearman,monsters/orc_spearman.xml
Orc Warlord,monsters/orc_warlord.xml
Orc Warrior,monsters/orc_warrior.xml
Orc,monsters/orc.xml
Orchid Frog,monsters/orchid_frog.xml
Orclops Doomhauler,monsters/orclops_doomhauler.xml
Orclops Ravager,monsters/orclops_ravager.xml
Orcus The Cruel,monsters/orcus_the_cruel.xml
Orewalker,monsters/orewalker.xml
Organic Matter,monsters/organic_matter.xml
Orshabaal,monsters/orshabaal.xml
Overcharged Energy Element,monsters/overcharged_energy_element.xml
Owin,monsters/owin.xml
Paladin Familiar,monsters/paladin_familiar.xml
Panda,monsters/panda.xml
Parasite,monsters/parasite.xml
Parrot,monsters/parrot.xml
Party Skeleton,monsters/party_skeleton.xml
Penguin,monsters/penguin.xml
Phantasm Summon,monsters/phantasm_summon.xml
Phantasm,monsters/phantasm.xml
Pig,monsters/pig.xml
Pigeon,monsters/pigeon.xml
Pillar Of Death,monsters/pillar_of_death.xml
Pillar Of Draining,monsters/pillar_of_draining.xml
Pillar Of Healing,monsters/pillar_of_healing.xml
Pillar Of Protection,monsters/pillar_of_protection.xml
Pillar Of Summoning,monsters/pillar_of_summoning.xml
Pillar,monsters/pillar.xml
Pinata Dragon,monsters/pinata_dragon.xml
Pirate Buccaneer,monsters/pirate_buccaneer.xml
Pirate Corsair,monsters/pirate_corsair.xml
Pirate Cutthroat,monsters/pirate_cutthroat.xml
Pirate Ghost,monsters/pirate_ghost.xml
Pirate Marauder,monsters/pirate_marauder.xml
Pirate Skeleton,monsters/pirate_skeleton.xml
Pixie,monsters/pixie.xml
Plagirath,monsters/plagirath.xml
Plaguesmith,monsters/plaguesmith.xml
Plaguethrower,monsters/plaguethrower.xml
Poacher,monsters/poacher.xml
Poison Spider,monsters/poison_spider.xml
Polar Bear,monsters/polar_bear.xml
Poodle,monsters/poodle.xml
Pooka,monsters/pooka.xml
Possessed Tree,monsters/possessed_tree.xml
Preceptor Lazare,monsters/preceptor_lazare.xml
Priestess Of The Wild Sun,monsters/priestess_of_the_wild_sun.xml
Priestess,monsters/priestess.xml
Primitive,monsters/primitive.xml
Prince Drazzak,monsters/prince_drazzak.xml
Professor Maxxen,monsters/professor_maxxen.xml
Purple Butterfly,monsters/purple_butterfly.xml
Putrid Mummy,monsters/putrid_mummy.xml
Pythius The Rotten,monsters/pythius_the_rotten.xml
Quara Constrictor Scout,monsters/quara_constrictor_scout.xml
Quara Constrictor,monsters/quara_constrictor.xml
Quara Hydromancer Scout,monsters/quara_hydromancer_scout.xml
Quara Hydromancer,monsters/quara_hydromancer.xml
Quara Mantassin Scout,monsters/quara_mantassin_scout.xml
Quara Mantassin,monsters/quara_mantassin.xml
Quara Pincher Scout,monsters/quara_pincher_scout.xml
Quara Pincher,monsters/quara_pincher.xml
Quara Predator Scout,monsters/quara_predator_scout.xml
Quara Predator,monsters/quara_predator.xml
Rabbit,monsters/rabbit.xml
Rage Of Mazoran,monsters/rage_of_mazoran.xml
Rage Squid,monsters/rage_squid.xml
Ragiaz,monsters/ragiaz.xml
Raging Fire,monsters/raging_fire.xml
Raging Mage,monsters/raging_mage.xml
Rahemos,monsters/rahemos.xml
Rat,monsters/rat.xml
Ravenous Beyondling,monsters/ravenous_beyondling.xml
Ravenous Hunger,monsters/ravenous_hunger.xml
Raxias,monsters/raxias.xml
Razzagorn,monsters/razzagorn.xml
Red Butterfly,monsters/red_butterfly.xml
Redeemed Soul,monsters/redeemed_soul.xml
Reflection Of A Mage,monsters/reflection_of_a_mage.xml
Reflection Of Mawhawk,monsters/reflection_of_mawhawk.xml
Reflection Of Obujos,monsters/reflection_of_obujos.xml
Renegade Knight,monsters/renegade_knight.xml
Renegade Orc,monsters/renegade_orc.xml
Renegade Quara Constrictor,monsters/renegade_quara_constrictor.xml
Renegade Quara Hydromancer,monsters/renegade_quara_hydromancer.xml
Renegade Quara Mantassin,monsters/renegade_quara_mantassin.xml
Renegade Quara Pincher,monsters/renegade_quara_pincher.xml
Renegade Quara Predator,monsters/renegade_quara_predator.xml
Retching Horror,monsters/retching_horror.xml
Rift Breacher,monsters/rift_breacher.xml
Rift Brood,monsters/rift_brood.xml
Rift Fragment,monsters/rift_fragment.xml
Rift Invader,monsters/rift_invader.xml
Rift Lord,monsters/rift_lord.xml
Rift Minion,monsters/rift_minion.xml
Rift Phantom,monsters/rift_phantom.xml
Rift Scythe,monsters/rift_scythe.xml
Rift Spawn,monsters/rift_spawn.xml
Rift Worm,monsters/rift_worm.xml
Risen Soldier,monsters/risen_soldier.xml
Roaring Lion,monsters/roaring_lion.xml
Roaring Water Elemental,monsters/roaring_water_elemental.xml
Robby The Reckless,monsters/robby_the_reckless.xml
Rocko,monsters/rocko.xml
Rocky,monsters/rocky.xml
Ron The Ripper,monsters/ron_the_ripper.xml
Rorc,monsters/rorc.xml
Rot Elemental,monsters/rot_elemental.xml
Rottie The Rotworm,monsters/rottie_the_rotworm.xml
Rotworm Queen,monsters/rotworm_queen.xml
Rotworm,monsters/rotworm.xml
Rukor Zad,monsters/rukor_zad.xml
Rustheap Golem,monsters/rustheap_golem.xml
Sacred Spider,monsters/sacred_spider.xml
Salamander,monsters/salamander.xml
Sand Brood,monsters/sand_brood.xml
Sand Vortex,monsters/sand_vortex.xml
Sandcrawler,monsters/sandcrawler.xml
Sandstone Scorpion,monsters/sandstone_scorpion.xml
Scarab,monsters/scarab.xml
Scarlett Etzel,monsters/scarlett_etzel.xml
Scorn Of The Emperor,monsters/scorn_of_the_emperor.xml
Scorpion,monsters/scorpion.xml
Sea Serpent,monsters/sea_serpent.xml
Seacrest Serpent,monsters/seacrest_serpent.xml
Seagull,monsters/seagull.xml
Security Golem,monsters/security_golem.xml
Serpent Spawn,monsters/serpent_spawn.xml
Shaburak Demon,monsters/shaburak_demon.xml
Shaburak Lord,monsters/shaburak_lord.xml
Shaburak Prince,monsters/shaburak_prince.xml
Shadow Fiend,monsters/shadow_fiend.xml
Shadow Hound,monsters/shadow_hound.xml
Shadow Pupil,monsters/shadow_pupil.xml
Shadow Tentacle,monsters/shadow_tentacle.xml
Shadowpelt,monsters/shadowpelt.xml
Shaper Matriarch,monsters/shaper_matriarch.xml
Shard Of Corruption,monsters/shard_of_corruption.xml
Shard Of Magnor,monsters/shard_of_magnor.xml
Shardhead,monsters/shardhead.xml
Shark,monsters/shark.xml
Sharptooth,monsters/sharptooth.xml
Sheep,monsters/sheep.xml
Shiversleep,monsters/shiversleep.xml
Shock Head,monsters/shock_head.xml
Shredderthrower,monsters/shredderthrower.xml
Shulgrax,monsters/shulgrax.xml
Sibang,monsters/sibang.xml
Sight Of Surrender,monsters/sight_of_surrender.xml
Silencer,monsters/silencer.xml
Silver Rabbit,monsters/silver_rabbit.xml
Sin Devourer,monsters/sin_devourer.xml
Sir Baeloc,monsters/sir_baeloc.xml
Sir Nictros,monsters/sir_nictros.xml
Sir Valorcrest,monsters/sir_valorcrest.xml
Skeleton Elite Warrior,monsters/skeleton_elite_warrior.xml
Skeleton Warrior,monsters/skeleton_warrior.xml
Skeleton,monsters/skeleton.xml
Skunk,monsters/skunk.xml
Slick Water Elemental,monsters/slick_water_elemental.xml
Slim,monsters/slim.xml
Slime,monsters/slime.xml
Slippery Northern Pike,monsters/slippery_northern_pike.xml
Slug,monsters/slug.xml
Smuggler Baron Silvertoe,monsters/smuggler_baron_silvertoe.xml
Smuggler,monsters/smuggler.xml
Snail Slime,monsters/snail_slime.xml
Snake God Essence,monsters/snake_god_essence.xml
Snake Thing,monsters/snake_thing.xml
Snake,monsters/snake.xml
Solid Frozen Horror,monsters/solid_frozen_horror.xml
Somewhat Beatable Dragon,monsters/somewhat_beatable_dragon.xml
Son Of Verminor,monsters/son_of_verminor.xml
Sorcerer Familiar,monsters/sorcerer_familiar.xml
Soul Of Dragonking Zyrtarch,monsters/soul_of_dragonking_zyrtarch.xml
Soulcatcher,monsters/soulcatcher.xml
Souleater,monsters/souleater.xml
Soulless Minion,monsters/soulless_minion.xml
Sparkion,monsters/sparkion.xml
Spawn Of Havoc,monsters/spawn_of_havoc.xml
Spectral Scum,monsters/spectral_scum.xml
Spectre,monsters/spectre.xml
Sphere Of Wrath,monsters/sphere_of_wrath.xml
Sphinx,monsters/sphinx.xml
Spider Queen,monsters/spider_queen.xml
Spider,monsters/spider.xml
Spidris Elite,monsters/spidris_elite.xml
Spidris,monsters/spidris.xml
Spirit Of Earth,monsters/spirit_of_earth.xml
Spirit Of Fertility,monsters/spirit_of_fertility.xml
Spirit Of Fire,monsters/spirit_of_fire.xml
Spirit Of Water,monsters/spirit_of_water.xml
Spit Nettle,monsters/spit_nettle.xml
Spite Of The Emperor,monsters/spite_of_the_emperor.xml
Spitter,monsters/spitter.xml
Splasher,monsters/splasher.xml
Squid Warden,monsters/squid_warden.xml
Squidgy Slime,monsters/squidgy_slime.xml
Squire Of Nictros,monsters/squire_of_nictros.xml
Squirrel,monsters/squirrel.xml
Stalker,monsters/stalker.xml
Stampor,monsters/stampor.xml
Starving Wolf,monsters/starving_wolf.xml
Stolen Knowledge Of Armor,monsters/stolen_knowledge_of_armor.xml
Stolen Knowledge Of Healing,monsters/stolen_knowledge_of_healing.xml
Stolen Knowledge Of Lifesteal,monsters/stolen_knowledge_of_lifesteal.xml
Stolen Knowledge Of Spells,monsters/stolen_knowledge_of_spells.xml
Stolen Knowledge Of Summoning,monsters/stolen_knowledge_of_summoning.xml
Stolen Soul,monsters/stolen_soul.xml
Stolen Tome Of Portals,monsters/stolen_tome_of_portals.xml
Stone Devourer,monsters/stone_devourer.xml
Stone Golem,monsters/stone_golem.xml
Stone Rhino,monsters/stone_rhino.xml
Stonecracker,monsters/stonecracker.xml
Stonerefiner,monsters/stonerefiner.xml
Strange Slime,monsters/strange_slime.xml
Strong Glooth Horror,monsters/strong_glooth_horror.xml
Sun-Marked Goanna,monsters/sun-marked_goanna.xml
Supercharged Mazzinor,monsters/supercharged_mazzinor.xml
Superior Death Minion,monsters/superior_death_minion.xml
Svoren The Mad,monsters/svoren_the_mad.xml
Swamp Troll,monsters/swamp_troll.xml
Swampling,monsters/swampling.xml
Swan Maiden,monsters/swan_maiden.xml
Swarmer Hatchling,monsters/swarmer_hatchling.xml
Swarmer,monsters/swarmer.xml
Sword Of Vengeance,monsters/sword_of_vengeance.xml
Tainted Soul,monsters/tainted_soul.xml
Tanjis,monsters/tanjis.xml
Tarantula,monsters/tarantula.xml
Tarbaz,monsters/tarbaz.xml
Tarnished Spirit,monsters/tarnished_spirit.xml
Tazhadur,monsters/tazhadur.xml
Teleskor,monsters/teleskor.xml
Tentacle Of The Deep Terror,monsters/tentacle_of_the_deep_terror.xml
Terofar,monsters/terofar.xml
Terramite,monsters/terramite.xml
Terrified Elephant,monsters/terrified_elephant.xml
Terror Bird,monsters/terror_bird.xml
Terrorsleep,monsters/terrorsleep.xml
Thalas,monsters/thalas.xml
Thawing Dragon Lord,monsters/thawing_dragon_lord.xml
The Abomination,monsters/the_abomination.xml
The Armored Voidborn,monsters/the_armored_voidborn.xml
The Astral Source,monsters/the_astral_source.xml
The Axeorcist,monsters/the_axeorcist.xml
The Baron From Below,monsters/the_baron_from_below.xml
The Big Bad One,monsters/the_big_bad_one.xml
The Blazing Rose,monsters/the_blazing_rose.xml
The Blazing Time Guardian,monsters/the_blazing_time_guardian.xml
The Blightfather,monsters/the_blightfather.xml
The Bloodtusk,monsters/the_bloodtusk.xml
The Bloodweb,monsters/the_bloodweb.xml
The Book Of Death,monsters/the_book_of_death.xml
The Book Of Secrets,monsters/the_book_of_secrets.xml
The Collector,monsters/the_collector.xml
The Corruptor Of Souls,monsters/the_corruptor_of_souls.xml
The Count Of The Core,monsters/the_count_of_the_core.xml
The Count,monsters/the_count.xml
The Dark Dancer,monsters/the_dark_dancer.xml
The Devourer Of Secrets,monsters/the_devourer_of_secrets.xml
The Diamond Blossom,monsters/the_diamond_blossom.xml
The Distorted Astral Source,monsters/the_distorted_astral_source.xml
The Dreadorian,monsters/the_dreadorian.xml
The Duke Of The Depths,monsters/the_duke_of_the_depths.xml
The Enraged Thorn Knight,monsters/the_enraged_thorn_knight.xml
The Evil Eye,monsters/the_evil_eye.xml
The False God,monsters/the_false_god.xml
The Fettered Shatterer,monsters/the_fettered_shatterer.xml
The Fire Empowered Duke,monsters/the_fire_empowered_duke.xml
The First Dragon,monsters/the_first_dragon.xml
The Flaming Orchid,monsters/the_flaming_orchid.xml
The Freezing Time Guardian,monsters/the_freezing_time_guardian.xml
The Frog Prince,monsters/the_frog_prince.xml
The Hag,monsters/the_hag.xml
The Hairy One,monsters/the_hairy_one.xml
The Halloween Hare,monsters/the_halloween_hare.xml
The Handmaiden,monsters/the_handmaiden.xml
The Horned Fox,monsters/the_horned_fox.xml
The Hungry Baron From Below,monsters/the_hungry_baron_from_below.xml
The Imperor,monsters/the_imperor.xml
The Last Lore Keeper,monsters/the_last_lore_keeper.xml
The Lily Of Night,monsters/the_lily_of_night.xml
The Lord Of The Lice,monsters/the_lord_of_the_lice.xml
The Many,monsters/the_many.xml
The Masked Marauder,monsters/the_masked_marauder.xml
The Noxious Spawn,monsters/the_noxious_spawn.xml
The Obliverator,monsters/the_obliverator.xml
The Old Whopper,monsters/the_old_whopper.xml
The Old Widow,monsters/the_old_widow.xml
The Pale Count,monsters/the_pale_count.xml
The Pit Lord,monsters/the_pit_lord.xml
The Plasmother,monsters/the_plasmother.xml
The Ravager,monsters/the_ravager.xml
The Remorseless Corruptor,monsters/the_remorseless_corruptor.xml
The Ruthless Herald,monsters/the_ruthless_herald.xml
The Sandking,monsters/the_sandking.xml
The Scion Of Havoc,monsters/the_scion_of_havoc.xml
The Scourge Of Oblivion,monsters/the_scourge_of_oblivion.xml
The Shatterer,monsters/the_shatterer.xml
The Shielded Thorn Knight,monsters/the_shielded_thorn_knight.xml
The Sinister Hermit Blue,monsters/the_sinister_hermit_blue.xml
The Sinister Hermit Yellow,monsters/the_sinister_hermit_yellow.xml
The Snapper,monsters/the_snapper.xml
The Souldespoiler,monsters/the_souldespoiler.xml
The Source Of Corruption,monsters/the_source_of_corruption.xml
The Spellstealer,monsters/the_spellstealer.xml
The Time Guardian,monsters/the_time_guardian.xml
The Unarmored Voidborn,monsters/the_unarmored_voidborn.xml
The Voice Of Ruin,monsters/the_voice_of_ruin.xml
The Weakened Count,monsters/the_weakened_count.xml
Thief,monsters/thief.xml
Thorn Minion,monsters/thorn_minion.xml
Thornback Tortoise,monsters/thornback_tortoise.xml
Thornfire Wolf,monsters/thornfire_wolf.xml
Thul,monsters/thul.xml
Tiger,monsters/tiger.xml
Time Keeper,monsters/time_keeper.xml
Time Waster,monsters/time_waster.xml
Tiquandas Revenge,monsters/tiquandas_revenge.xml
Tirecz,monsters/tirecz.xml
Toad,monsters/toad.xml
Tomb Servant,monsters/tomb_servant.xml
Tormented Ghost,monsters/tormented_ghost.xml
Tortoise,monsters/tortoise.xml
Tremor Worm,monsters/tremor_worm.xml
Tremorak,monsters/tremorak.xml
Troll Champion,monsters/troll_champion.xml
Troll Guard,monsters/troll_guard.xml
Troll Legionnaire,monsters/troll_legionnaire.xml
Troll,monsters/troll.xml
True Dawnfire Asura,monsters/true_dawnfire_asura.xml
True Frost Flower Asura,monsters/true_frost_flower_asura.xml
True Midnight Asura,monsters/true_midnight_asura.xml
Tunnel Tyrant,monsters/tunnel_tyrant.xml
Twisted Pooka,monsters/twisted_pooka.xml
Twisted Shaper,monsters/twisted_shaper.xml
Tzumrah The Dazzler,monsters/tzumrah_the_dazzler.xml
Ugly Monster,monsters/ugly_monster.xml
Unbeatable Dragon,monsters/unbeatable_dragon.xml
Unbound Blightwalker,monsters/unbound_blightwalker.xml
Unbound Defiler,monsters/unbound_defiler.xml
Unbound Demon Outcast,monsters/unbound_demon_outcast.xml
Unbound Demon,monsters/unbound_demon.xml
Undead Cavebear,monsters/undead_cavebear.xml
Undead Dragon,monsters/undead_dragon.xml
Undead Elite Gladiator,monsters/undead_elite_gladiator.xml
Undead Gladiator,monsters/undead_gladiator.xml
Undead Jester,monsters/undead_jester.xml
Undead Mine Worker,monsters/undead_mine_worker.xml
Undead Minion,monsters/undead_minion.xml
Undead Prospector,monsters/undead_prospector.xml
Ungreez,monsters/ungreez.xml
Unstable Tunnel,monsters/unstable_tunnel.xml
Urmahlullu The Immaculate,monsters/urmahlullu_the_immaculate.xml
Urmahlullu The Tamed,monsters/urmahlullu_the_tamed.xml
Urmahlullu The Weakened,monsters/urmahlullu_the_weakened.xml
Ushuriel,monsters/ushuriel.xml
Valkyrie,monsters/valkyrie.xml
Vampire Bride,monsters/vampire_bride.xml
Vampire Pig,monsters/vampire_pig.xml
Vampire Viscount,monsters/vampire_viscount.xml
Vampire,monsters/vampire.xml
Vampiric Blood,monsters/vampiric_blood.xml
Vashresamun,monsters/vashresamun.xml
Vermin Swarm,monsters/vermin_swarm.xml
Verminor,monsters/verminor.xml
Versperoth,monsters/versperoth.xml
Vexclaw,monsters/vexclaw.xml
Vicious Manbat,monsters/vicious_manbat.xml
Vicious Squire,monsters/vicious_squire.xml
Vile Grandmaster,monsters/vile_grandmaster.xml
Voidshard,monsters/voidshard.xml
Vulcongra,monsters/vulcongra.xml
Wailing Widow,monsters/wailing_widow.xml
Walker,monsters/walker.xml
War Golem,monsters/war_golem.xml
War Servant,monsters/war_servant.xml
War Wolf,monsters/war_wolf.xml
Warlock,monsters/warlock.xml
Warlord Ruzad,monsters/warlord_ruzad.xml
Wasp,monsters/wasp.xml
Waspoid,monsters/waspoid.xml
Water Buffalo,monsters/water_buffalo.xml
Water Elemental,monsters/water_elemental.xml
Weakened Frazzlemaw,monsters/weakened_frazzlemaw.xml
Weakened Glooth Horror,monsters/weakened_glooth_horror.xml
Webster,monsters/webster.xml
Weeper,monsters/weeper.xml
Werebadger,monsters/werebadger.xml
Werebear,monsters/werebear.xml
Wereboar,monsters/wereboar.xml
Werefox,monsters/werefox.xml
Werewolf,monsters/werewolf.xml
White Deer,monsters/white_deer.xml
White Shade,monsters/white_shade.xml
Wiggler,monsters/wiggler.xml
Wild Dog,monsters/wild_dog.xml
Wild Fire Magic,monsters/wild_fire_magic.xml
Wild Fury Magic,monsters/wild_fury_magic.xml
Wild Horse,monsters/wild_horse.xml
Wild Knowledge,monsters/wild_knowledge.xml
Wild Nature Magic,monsters/wild_nature_magic.xml
Wild Warrior,monsters/wild_warrior.xml
Wild Water Magic,monsters/wild_water_magic.xml
Wildness Of Urmahlullu,monsters/wildness_of_urmahlullu.xml
Wilting Leaf Golem,monsters/wilting_leaf_golem.xml
Winter Wolf,monsters/winter_wolf.xml
Wisdom Of Urmahlullu,monsters/wisdom_of_urmahlullu.xml
Wisp,monsters/wisp.xml
Witch,monsters/witch.xml
Wolf,monsters/wolf.xml
Worker Golem,monsters/worker_golem.xml
World Bug,monsters/world_bug.xml
Worm Priestess,monsters/worm_priestess.xml
Wrath Of The Emperor,monsters/wrath_of_the_emperor.xml
Wyrm,monsters/wyrm.xml
Wyvern,monsters/wyvern.xml
Xenia,monsters/xenia.xml
Xogixath,monsters/xogixath.xml
Yaga The Crone,monsters/yaga_the_crone.xml
Yakchal,monsters/yakchal.xml
Yalahari Despoiler,monsters/yalahari_despoiler.xml
Yalahari,monsters/yalahari.xml
Yellow Butterfly,monsters/yellow_butterfly.xml
Yeti,monsters/yeti.xml
Yielothax,monsters/yielothax.xml
Young Goanna,monsters/young_goanna.xml
Young Sea Serpent,monsters/young_sea_serpent.xml
Young Troll,monsters/young_troll.xml
Zamulosh,monsters/zamulosh.xml
Zarabustor,monsters/zarabustor.xml
Zarcorix Of Yalahar,monsters/zarcorix_of_yalahar.xml
Zavarash,monsters/zavarash.xml
Zevelon Duskbringer,monsters/zevelon_duskbringer.xml
Zomba,monsters/zomba.xml
Zombie,monsters/zombie.xml
Zoralurk,monsters/zoralurk.xml
Zorvorax,monsters/zorvorax.xml
Zugurosh,monsters/zugurosh.xml
Zulazza The Corruptor,monsters/zulazza_the_corruptor.xml
Zushuka,monsters/zushuka.xml
